{
  "Name": "RedHusky",
  "Version": "1.0.0.0",
  "Factory Info": {
    "Vendor": "shiroyoru",
    "URL": "youtube.com/@kirara_shiroyoru",
    "E-Mail": "mailto:whattoeat0307@gmail.com",
    "Flags": {
      "Unicode": true,
      "Classes Discardable": false,
      "Component Non Discardable": false,
    },
  },
  "Classes": [
    {
      "CID": "C403ADE2BC03549FB4EBD79D04B3B750",
      "Category": "Audio Module Class",
      "Name": "RedHusky",
      "Vendor": "shiroyoru",
      "Version": "1.0.0.0",
      "SDKVersion": "VST 3.7.10",
      "Sub Categories": [
        "Fx",
      ],
      "Class Flags": 1,
      "Cardinality": 2147483647,
      "Snapshots": [
        {
          "Scale Factor": 1,
          "Path": "Contents/Resources/Snapshots/C403ADE2BC03549FB4EBD79D04B3B750_snapshot.png",
        },
        {
          "Scale Factor": 2,
          "Path": "Contents/Resources/Snapshots/C403ADE2BC03549FB4EBD79D04B3B750_snapshot_2.0x.png",
        },
      ],
    },
    {
      "CID": "02388F53457E5F5581DF67CAD12A87A4",
      "Category": "Component Controller Class",
      "Name": "RedHuskyController",
      "Vendor": "shiroyoru",
      "Version": "1.0.0.0",
      "SDKVersion": "VST 3.7.10",
      "Class Flags": 0,
      "Cardinality": 2147483647,
      "Snapshots": [
      ],
    },
  ],
}